J1,J2,war,wr,K12,C12
0.000675,0.000333333333527856,5654.866776,6911.503838,10659.172757656563,0.0925341836523471
