J1,J2,war,wr,K12,C12
2.035e-05,2.8600000067471694e-06,15489.91607,16542.62512,686.2212512060414,0.0024889202755724706
