J1,J2,war,wr,K12,C12
2.25e-05,1.552499999906895e-05,6283.185307,8168.140899,612.9024332358566,0.004502143933223965
