J1,J2,war,wr,K12,C12
2.25e-05,0.00011250000001654529,7469.939759,18297.54082,6277.500001270737,0.020584733423004566
