J1,J2,war,wr,K12,C12
1.325e-05,8.097222224721542e-05,188.4955592,502.6548246,2.876989683335852,0.0003434153469779531
