J1,J2,war,wr,K12,C12
4.07e-05,3.165555557474847e-05,1884.955592,2513.274123,112.47401180464453,0.002685119242075875
