J1,J2,war,wr,K12,C12
3.7e-06,2.8777777795225886e-06,1884.955592,2513.274123,10.224910164058594,0.00024410174927962504
