J1,J2,war,wr,K12,C12
1.85e-06,2.6000000061337907e-07,15489.91607,16542.62512,62.38375010964014,0.00022626547959749734
