J1,J2,war,wr,K12,C12
1.27e-05,1.3218367345760194e-05,439.8229715,628.3185307,2.5570171079763466,0.000244177147389966
