J1,J2,war,wr,K12,C12
0.000381,0.0003965510203728058,439.8229715,628.3185307,76.71051323929039,0.00732531442169898
