J1,J2,war,wr,K12,C12
2.25e-05,1.11111111175952e-05,5654.866776,6911.503838,355.3057585885521,0.0030844727884115695
