J1,J2,war,wr,K12,C12
0.0003975,0.0024291666674164628,188.4955592,502.6548246,86.30969050007556,0.010302460409338594
