J1,J2,war,wr,K12,C12
0.0002475,0.00012222222229354719,5654.866776,6911.503838,3908.3633444740726,0.03392920067252727
