J1,J2,war,wr,K12,C12
0.000675,0.0004657499999720685,6283.185307,8168.140899,18387.0729970757,0.13506431799671892
