J1,J2,war,wr,K12,C12
0.0001397,0.00014540204080336214,439.8229715,628.3185307,28.12718818773981,0.002685948621289626
