J1,J2,war,wr,K12,C12
0.000675,0.0033750000004963586,7469.939759,18297.54082,188325.0000381221,0.6175420026901368
