J1,J2,war,wr,K12,C12
5.55e-05,7.80000001840137e-06,15489.91607,16542.62512,1871.5125032892038,0.006787964387924919
