J1,J2,war,wr,K12,C12
0.000111,8.633333338567765e-05,1884.955592,2513.274123,306.7473049217578,0.007323052478388751
