J1,J2,war,wr,K12,C12
0.0002475,0.0012375000001819982,7469.939759,18297.54082,69052.5000139781,0.22643206765305018
