J1,J2,war,wr,K12,C12
0.00014575,0.0008906944447193695,188.4955592,502.6548246,31.64688651669437,0.0037775688167574844
