J1,J2,war,wr,K12,C12
0.0002475,0.00017077499998975843,6283.185307,8168.140899,6741.926765594422,0.04952358326546362
